{
  "results": [
    {
      "command": "../../../target/release/ccms error",
      "mean": 0.12877225073999995,
      "stddev": 0.01155400354174826,
      "median": 0.12657278092000002,
      "user": 0.7121295400000001,
      "system": 0.08726137999999997,
      "min": 0.11582946892000001,
      "max": 0.17674988492000002,
      "times": [
        0.11703746892000001,
        0.12534625992,
        0.14671034292000001,
        0.12900546792,
        0.12459830192000002,
        0.12735705092000002,
        0.12196634292,
        0.15060371792000002,
        0.11900221792,
        0.11582946892000001,
        0.13485096792,
        0.12123863492,
        0.11784363492000001,
        0.12003238492000001,
        0.12042725992,
        0.12984050992,
        0.12298867592000001,
        0.12960109292,
        0.17674988492000002,
        0.12667838492,
        0.11868275992,
        0.12021709392000002,
        0.11840884292000001,
        0.12602284292000002,
        0.12646717692,
        0.12840471892,
        0.13384288492000002,
        0.12943913492,
        0.12922013492,
        0.16334209392000001,
        0.12192755092000002,
        0.12779538492,
        0.13229017592,
        0.14265913492,
        0.12604938492,
        0.12824950992,
        0.13759592692,
        0.11711846892000001,
        0.12263617692,
        0.13146180192,
        0.12458696892000001,
        0.13192367692,
        0.12252400992000001,
        0.12867175992000002,
        0.11807646792000001,
        0.12790905092000002,
        0.12494484292000002,
        0.12806646792,
        0.14670150992,
        0.12566850992
      ],
      "exit_codes": [
        0,
        0,
        0,
        0,
        0,
        0,
        0,
        0,
        0,
        0,
        0,
        0,
        0,
        0,
        0,
        0,
        0,
        0,
        0,
        0,
        0,
        0,
        0,
        0,
        0,
        0,
        0,
        0,
        0,
        0,
        0,
        0,
        0,
        0,
        0,
        0,
        0,
        0,
        0,
        0,
        0,
        0,
        0,
        0,
        0,
        0,
        0,
        0,
        0,
        0
      ]
    },
    {
      "command": "./golang/search_final error",
      "mean": 0.11755732663999999,
      "stddev": 0.009817925184012855,
      "median": 0.11806242692,
      "user": 0.6011422200000002,
      "system": 0.08649227999999999,
      "min": 0.09808888492000001,
      "max": 0.14132742692,
      "times": [
        0.11773530192000001,
        0.12432950992,
        0.10649317692,
        0.13096788492,
        0.11321688492000001,
        0.10062892692,
        0.12738996792,
        0.12332925992000002,
        0.09981355092000001,
        0.14132742692,
        0.09808888492000001,
        0.13813975992000002,
        0.10497017692,
        0.11792792692000001,
        0.11785896792,
        0.12929630192,
        0.11592650992,
        0.12027167692000001,
        0.12010417592,
        0.11071896892000001,
        0.12440571792000002,
        0.12817267592,
        0.12389492692000001,
        0.10827280192000001,
        0.10900388492,
        0.12613159392,
        0.10745538492000001,
        0.12442734292000002,
        0.12444871792000001,
        0.10619755192000001,
        0.11819692692,
        0.12230017692,
        0.12431921892,
        0.10902059292,
        0.12074330192000002,
        0.12198392592000001,
        0.12505713492,
        0.11395234292,
        0.12148396892000002,
        0.12464400992000002,
        0.10647796792,
        0.11634613492000001,
        0.12049563492000001,
        0.11245675992000001,
        0.11275134392000001,
        0.13193700992000001,
        0.10237492692000001,
        0.11703913492000001,
        0.11065255092000001,
        0.10468742692
      ],
      "exit_codes": [
        0,
        0,
        0,
        0,
        0,
        0,
        0,
        0,
        0,
        0,
        0,
        0,
        0,
        0,
        0,
        0,
        0,
        0,
        0,
        0,
        0,
        0,
        0,
        0,
        0,
        0,
        0,
        0,
        0,
        0,
        0,
        0,
        0,
        0,
        0,
        0,
        0,
        0,
        0,
        0,
        0,
        0,
        0,
        0,
        0,
        0,
        0,
        0,
        0,
        0
      ]
    },
    {
      "command": "./golang/search_fullparse_optimized error",
      "mean": 0.13837069074,
      "stddev": 0.01283778637504632,
      "median": 0.13880000992000002,
      "user": 0.71222254,
      "system": 0.08375222000000004,
      "min": 0.11586938492000001,
      "max": 0.18243080092,
      "times": [
        0.13818755192,
        0.14155505192,
        0.14405700992,
        0.16203067692,
        0.12654955092,
        0.14028767692000002,
        0.14143875992000002,
        0.12079542592,
        0.14522775992,
        0.11982380192,
        0.11586938492000001,
        0.14267405092000002,
        0.12597671892,
        0.13941246792,
        0.13585863492,
        0.14551405092,
        0.14256525992000002,
        0.15955600992000002,
        0.13800538492,
        0.13812984292,
        0.12665400992,
        0.14445638492,
        0.12390117692,
        0.13953359292,
        0.14955288492000002,
        0.12180271792,
        0.14314196892,
        0.13445267692,
        0.11692646792000001,
        0.13552596892000002,
        0.12688642692000002,
        0.14939538492,
        0.15194830192,
        0.14593988492,
        0.13732180192000001,
        0.13000038492000002,
        0.13062196792,
        0.12829650992,
        0.12566200992,
        0.13484455092,
        0.13360980092000002,
        0.15290592692000002,
        0.12550246792,
        0.15271725992000001,
        0.15796550992,
        0.18243080092,
        0.12361480192000002,
        0.14331388492,
        0.14508092692000002,
        0.14101300992000002
      ],
      "exit_codes": [
        0,
        0,
        0,
        0,
        0,
        0,
        0,
        0,
        0,
        0,
        0,
        0,
        0,
        0,
        0,
        0,
        0,
        0,
        0,
        0,
        0,
        0,
        0,
        0,
        0,
        0,
        0,
        0,
        0,
        0,
        0,
        0,
        0,
        0,
        0,
        0,
        0,
        0,
        0,
        0,
        0,
        0,
        0,
        0,
        0,
        0,
        0,
        0,
        0,
        0
      ]
    },
    {
      "command": "./golang/search_fullparse error",
      "mean": 0.17215983737999999,
      "stddev": 0.01960456940310012,
      "median": 0.17105148892,
      "user": 0.92599162,
      "system": 0.09110617999999998,
      "min": 0.14374009292,
      "max": 0.23335696892000002,