{
  "results": [
    {
      "command": "./target/release/bench_smol",
      "mean": 0.3090782630200001,
      "stddev": 0.014470324205644163,
      "median": 0.31301943002000004,
      "user": 1.5944871999999999,
      "system": 0.13672388,
      "min": 0.28689576302,
      "max": 0.32139280502,
      "times": [
        0.31301943002000004,
        0.32139280502,
        0.28689576302,
        0.32100697102000003,
        0.30307634602000005
      ],
      "exit_codes": [
        0,
        0,
        0,
        0,
        0
      ]
    },
    {
      "command": "./target/release/bench_smol --optimized",
      "mean": 0.28886979682,
      "stddev": 0.010609924552551867,
      "median": 0.28759338902000003,
      "user": 1.5727363999999997,
      "system": 0.14994988,
      "min": 0.27613209702,
      "max": 0.30240605502,
      "times": [
        0.30240605502,
        0.27613209702,
        0.28193030502000005,
        0.28759338902000003,
        0.29628713802
      ],
      "exit_codes": [
        0,
        0,
        0,
        0,
        0
      ]
    }
  ]
}
