{
  "results": [
    {
      "command": "./target/release/ccms \"claude\" --pattern \"~/.claude/projects/**/*.jsonl\" --engine rayon",
      "mean": 0.28695257763999993,
      "stddev": 0.01166626148573455,
      "median": 0.28651976083999997,
      "user": 1.7042324399999997,
      "system": 0.15840379999999996,
      "min": 0.26966099034,
      "max": 0.30481624034,
      "times": [
        0.28936265633999997,
        0.30481624034,
        0.27852369834,
        0.29557844834,
        0.26966099034,
        0.28484619833999997,
        0.28006236534,
        0.27524769834,
        0.28819332334,
        0.30323415734
      ],
      "exit_codes": [
        0,
        0,
        0,
        0,
        0,
        0,
        0,
        0,
        0,
        0
      ]
    },
    {
      "command": "./target/release/ccms \"claude\" --pattern \"~/.claude/projects/**/*.jsonl\" --engine tokio",
      "mean": 0.31992884003999994,
      "stddev": 0.02933706832980194,
      "median": 0.31273523983999996,
      "user": 1.8610135399999996,
      "system": 0.2935976,
      "min": 0.28614744834,
      "max": 0.38271778134,
      "times": [
        0.32056236534,
        0.31277565634,
        0.30005669834,
        0.28614744834,
        0.31269482334,
        0.38271778134,
        0.30490853234,
        0.36090036534,
        0.30528032334,
        0.31324440634
      ],
      "exit_codes": [
        0,
        0,
        0,
        0,
        0,
        0,
        0,
        0,
        0,
        0
      ]
    }
  ]
}
