{
  "results": [
    {
      "command": "./target/release/ccms \"claude\" --engine rayon",
      "mean": 0.38413561644,
      "stddev": 0.14226131975740203,
      "median": 0.32949500434,
      "user": 1.6570451600000002,
      "system": 0.15986128,
      "min": 0.26890521184000005,
      "max": 0.67474958684,
      "times": [
        0.67474958684,
        0.28812962884000004,
        0.36332300384000005,
        0.38253504584000003,
        0.26890521184000005,
        0.61263367084,
        0.29658100384,
        0.35245262984000003,
        0.30653737884000004,
        0.29550900384000006
      ],
      "exit_codes": [
        0,
        0,
        0,
        0,
        0,
        0,
        0,
        0,
        0,
        0
      ]
    },
    {
      "command": "./target/release/ccms \"claude\" --engine tokio",
      "mean": 0.39569095014,
      "stddev": 0.09188373087025617,
      "median": 0.36143502484000006,
      "user": 1.7852589599999997,
      "system": 0.26521938,
      "min": 0.33723837984000005,
      "max": 0.64307446284,
      "times": [
        0.64307446284,
        0.33723837984000005,
        0.34082325484000003,
        0.35998162884000007,
        0.4256032128400001,
        0.34761771184000007,
        0.36288842084000006,
        0.40120483784000005,
        0.39542117084000006,
        0.34305642084000004
      ],
      "exit_codes": [
        0,
        0,
        0,
        0,
        0,
        0,
        0,
        0,
        0,
        0
      ]
    }
  ]
}
