{
  "results": [
    {
      "command": "./target/release/ccms \"claude\" --engine rayon",
      "mean": 0.30152757666,
      "stddev": 0.03650659389905276,
      "median": 0.29374597646,
      "user": 1.7058434999999998,
      "system": 0.15044148,
      "min": 0.27433220546000003,
      "max": 0.40154228946000003,
      "times": [
        0.40154228946000003,
        0.28900370646000006,
        0.29943608046000003,
        0.28363862246000004,
        0.29063353946000003,
        0.29685841346,
        0.27660449746000004,
        0.27433220546000003,
        0.29947316446000005,
        0.30375324746000004
      ],
      "exit_codes": [
        0,
        0,
        0,
        0,
        0,
        0,
        0,
        0,
        0,
        0
      ]
    },
    {
      "command": "./target/release/ccms \"claude\" --engine tokio",
      "mean": 0.33132638486000004,
      "stddev": 0.013975426184082478,
      "median": 0.32886160196,
      "user": 1.8108577999999997,
      "system": 0.26828347999999996,
      "min": 0.31439062246000005,
      "max": 0.35533695546000005,
      "times": [
        0.35533695546000005,
        0.32100645546000006,
        0.34128153846000003,
        0.32287495546000006,
        0.31439062246000005,
        0.31869191446000006,
        0.32883258146000005,
        0.35236595546000005,
        0.32959224746000004,
        0.32889062246000006
      ],
      "exit_codes": [
        0,
        0,
        0,
        0,
        0,
        0,
        0,
        0,
        0,
        0
      ]
    },
    {
      "command": "./target/release/bench_tokio_mimalloc \"~/.claude/projects/**/*.jsonl\" \"claude\"",
      "mean": 0.47988501825999996,
      "stddev": 0.03601535091029032,
      "median": 0.47712666396000003,
      "user": 2.566522999999999,
      "system": 0.43342658,
      "min": 0.43937603946000003,
      "max": 0.56981424746,
      "times": [
        0.56981424746,
        0.43937603946000003,
        0.47379587246000004,
        0.45893203946000005,
        0.48698366346000005,
        0.4441348304600001,
        0.48845791446000003,
        0.47282820646000007,
        0.48045745546000007,
        0.48406991346000006
      ],
      "exit_codes": [
        0,
        0,
        0,
        0,
        0,
        0,
        0,
        0,
        0,
        0
      ]
    }
  ]
}
