{
  "results": [
    {
      "command": "./target/release/bench_smol",
      "mean": 0.23192918642000002,
      "stddev": 0.005388156653751509,
      "median": 0.23174837392000003,
      "user": 1.6793264,
      "system": 0.10880805999999998,
      "min": 0.22581029042000003,
      "max": 0.23942049842000002,
      "times": [
        0.23310820742000002,
        0.23038854042,
        0.22581029042000003,
        0.23942049842000002,
        0.23802583242000003,
        0.23577887342,
        0.22679216642000002,
        0.22675158242000001,
        0.22619620742000002,
        0.23701966542000003
      ],
      "exit_codes": [
        0,
        0,
        0,
        0,
        0,
        0,
        0,
        0,
        0,
        0
      ]
    },
    {
      "command": "BLOCKING_MAX_THREADS=10 ./target/release/bench_smol",
      "mean": 0.21383456142000004,
      "stddev": 0.011226686501358558,
      "median": 0.21061474892000004,
      "user": 1.6777878000000002,
      "system": 0.10691926,
      "min": 0.20455041542000002,
      "max": 0.24266133242000001,
      "times": [
        0.22257679042000003,
        0.20688304042000003,
        0.21175062342,
        0.20765833242,
        0.20864866542000002,
        0.21093562442000002,
        0.20455041542000002,
        0.21238691642000002,
        0.21029387342000003,
        0.24266133242000001
      ],
      "exit_codes": [
        0,
        0,
        0,
        0,
        0,
        0,
        0,
        0,
        0,
        0
      ]
    },
    {
      "command": "BLOCKING_MAX_THREADS=12 ./target/release/bench_smol",
      "mean": 0.21689679512000004,
      "stddev": 0.0045366689123840145,
      "median": 0.21850808292,
      "user": 1.6956861,
      "system": 0.11208655999999999,
      "min": 0.20835720742000002,
      "max": 0.22200733242,
      "times": [
        0.21776999942000003,
        0.20835720742000002,
        0.21424012442,
        0.21109345742000002,
        0.21967637442000001,
        0.22034995742000002,
        0.21523620742000002,
        0.21924616642000003,
        0.22200733242,
        0.22099112442000002
      ],
      "exit_codes": [
        0,
        0,
        0,
        0,
        0,
        0,
        0,
        0,
        0,
        0
      ]
    },
    {
      "command": "BLOCKING_MAX_THREADS=20 ./target/release/bench_smol",
      "mean": 0.23131849072000005,
      "stddev": 0.013395110078061401,
      "median": 0.23143783242000002,
      "user": 1.6610096999999997,
      "system": 0.11206235999999999,
      "min": 0.21161974842000003,
      "max": 0.24891654042,
      "times": [
        0.23503808242000002,
        0.21163333242000001,
        0.22519529142000003,
        0.21161974842000003,
        0.22783758242000002,
        0.23554795742,
        0.24891654042,
        0.24821945742,
        0.22618424942,
        0.24299266542000003
      ],
      "exit_codes": [
        0,
        0,
        0,
        0,
        0,
        0,
        0,
        0,
        0,
        0
      ]
    }
  ]
}
