{
  "results": [
    {
      "command": "./target/release/bench_smol --optimized",
      "mean": 0.26088042231999997,
      "stddev": 0.02400518545013471,
      "median": 0.27166228892,
      "user": 1.7206135799999998,
      "system": 0.18593667999999997,
      "min": 0.22571958092000002,
      "max": 0.28561853892,
      "times": [
        0.28561853892,
        0.22571958092000002,
        0.27166228892,
        0.27374737192,
        0.24765433092000003
      ],
      "exit_codes": [
        0,
        0,
        0,
        0,
        0
      ]
    },
    {
      "command": "./target/release/bench_smol",
      "mean": 0.23728504772,
      "stddev": 0.0068669286772740125,
      "median": 0.23606612292,
      "user": 1.6318303799999998,
      "system": 0.11394427999999998,
      "min": 0.23176045592000002,
      "max": 0.24880878992000002,
      "times": [
        0.24880878992000002,
        0.23240595592000002,
        0.23738391392000002,
        0.23176045592000002,
        0.23606612292
      ],
      "exit_codes": [
        0,
        0,
        0,
        0,
        0
      ]
    }
  ]
}
