{
  "results": [
    {
      "command": "./target/release/ccms \"claude\" --pattern \"~/.claude/projects/**/*.jsonl\" --engine rayon",
      "mean": 0.27512605943999996,
      "stddev": 0.0077508385263423555,
      "median": 0.27324434294,
      "user": 1.68885662,
      "system": 0.15044400000000002,
      "min": 0.26194144694,
      "max": 0.29008382194,
      "times": [
        0.27292694694,
        0.27767548794,
        0.26194144694,
        0.27312294694,
        0.27940598894,
        0.29008382194,
        0.27336573894,
        0.27192407194,
        0.28233294694,
        0.26848119694
      ],
      "exit_codes": [
        0,
        0,
        0,
        0,
        0,
        0,
        0,
        0,
        0,
        0
      ]
    },
    {
      "command": "./target/release/ccms \"claude\" --pattern \"~/.claude/projects/**/*.jsonl\" --engine tokio",
      "mean": 0.33385258423999997,
      "stddev": 0.044568280341801055,
      "median": 0.32271390544,
      "user": 1.83178772,
      "system": 0.27386559999999993,
      "min": 0.30241902994000003,
      "max": 0.44815586394,
      "times": [
        0.30573786294,
        0.30241902994000003,
        0.36822561294,
        0.32409298894,
        0.32133482194,
        0.33085544694,
        0.30352269694,
        0.32447273794000003,
        0.30970877994,
        0.44815586394
      ],
      "exit_codes": [
        0,
        0,
        0,
        0,
        0,
        0,
        0,
        0,
        0,
        0
      ]
    }
  ]
}
