{
  "results": [
    {
      "command": "./target/release/ccms \"claude\" --engine rayon",
      "mean": 0.3148395267800001,
      "stddev": 0.11731404280841913,
      "median": 0.27416349560000003,
      "user": 1.3945315,
      "system": 0.16765509,
      "min": 0.21688607910000002,
      "max": 0.9460429541,
      "times": [
        0.25790228610000004,
        0.25761362010000005,
        0.28424974510000006,
        0.2501987861,
        0.27720766210000003,
        0.3278738701,
        0.2880272031,
        0.27870203610000005,
        0.29157449510000005,
        0.2640341621,
        0.26525653610000005,
        0.26069691210000007,
        0.30499545310000004,
        0.28047153710000006,
        0.25384541110000003,
        0.32876845410000005,
        0.26914907810000005,
        0.24015282810000002,
        0.23406491210000002,
        0.24261470310000002,
        0.25469424510000005,
        0.30038282810000005,
        0.25844149510000003,
        0.26188274510000004,
        0.23673387010000002,
        0.29179703710000005,
        0.2240449531,
        0.25185657810000006,
        0.24942003710000002,
        0.25797907810000004,
        0.22464278710000002,
        0.25979920310000004,
        0.25322457810000004,
        0.24348920310000002,
        0.26271707810000006,
        0.2467592451,
        0.27946391210000004,
        0.26561332810000005,
        0.28191012010000005,
        0.26791545310000003,
        0.26688382810000005,
        0.2348257451,
        0.26647795310000005,
        0.2989175781,
        0.2731194121,
        0.2775080361,
        0.27604587010000003,
        0.26209162010000003,
        0.25898903710000004,
        0.26531016110000005,
        0.27551753710000004,
        0.27104553710000007,
        0.25611016210000004,
        0.3011732871,
        0.24896420310000003,
        0.2735985791,
        0.27472841210000004,
        0.30136303710000006,
        0.29225578710000005,
        0.23619416210000002,
        0.23871732810000001,
        0.24438966210000002,
        0.26114516210000005,
        0.27328378710000006,
        0.5136423701,
        0.6085244121,
        0.32525062010000005,
        0.5200044121,
        0.46984524510000003,
        0.44751157810000003,
        0.28590128710000007,
        0.9460429541,
        0.7060504951000001,
        0.44126878710000006,
        0.45007895310000007,
        0.2857383701,
        0.42597787010000004,
        0.5310425361,
        0.5960858701,
        0.44727378710000004,
        0.6194295361,
        0.5602807451,
        0.48605820410000006,
        0.39784032810000003,
        0.24456482910000002,
        0.2373161621,
        0.27922137010000003,
        0.30361212010000005,
        0.2971453291,
        0.27952612010000005,
        0.2846370361,
        0.24323741210000002,
        0.2960462871,
        0.24751891210000002,
        0.3125916201,
        0.21688607910000002,
        0.26881412010000005,
        0.2675990791,
        0.3064792451,
        0.27608524510000004
      ],
      "exit_codes": [
        0,
        0,
        0,
        0,
        0,
        0,
        0,
        0,
        0,
        0,
        0,
        0,
        0,
        0,
        0,
        0,
        0,
        0,
        0,
        0,
        0,
        0,
        0,
        0,
        0,
        0,
        0,
        0,
        0,
        0,
        0,
        0,
        0,
        0,
        0,
        0,
        0,
        0,
        0,
        0,
        0,
        0,
        0,
        0,
        0,
        0,
        0,
        0,
        0,
        0,
        0,
        0,
        0,
        0,
        0,
        0,
        0,
        0,
        0,
        0,
        0,
        0,
        0,
        0,
        0,
        0,
        0,
        0,
        0,
        0,
        0,
        0,
        0,
        0,
        0,
        0,
        0,
        0,
        0,
        0,
        0,
        0,
        0,
        0,
        0,
        0,
        0,
        0,
        0,
        0,
        0,
        0,
        0,
        0,
        0,
        0,
        0,
        0,
        0,
        0
      ]
    }
  ]
}
