{
  "results": [
    {
      "command": "./target/release/ccms \"claude\" --pattern \"~/.claude/projects/**/*.jsonl\" --engine rayon",
      "mean": 0.31131802420000004,
      "stddev": 0.04285305284030124,
      "median": 0.30115144050000003,
      "user": 1.7051378,
      "system": 0.16729618,
      "min": 0.25784787800000003,
      "max": 0.401333504,
      "times": [
        0.31341129500000003,
        0.27658217,
        0.308423378,
        0.36311479500000005,
        0.32420900300000005,
        0.401333504,
        0.29387950300000004,
        0.25784787800000003,
        0.28340096200000003,
        0.29097775400000003
      ],
      "exit_codes": [
        0,
        0,
        0,
        0,
        0,
        0,
        0,
        0,
        0,
        0
      ]
    },
    {
      "command": "./target/release/ccms \"claude\" --pattern \"~/.claude/projects/**/*.jsonl\" --engine tokio",
      "mean": 0.34677688659999995,
      "stddev": 0.03387782803070452,
      "median": 0.3386708365,
      "user": 1.8294953,
      "system": 0.32330348,
      "min": 0.306856879,
      "max": 0.415627711,
      "times": [
        0.33351358600000003,
        0.317845545,
        0.306856879,
        0.319158045,
        0.354218295,
        0.337166836,
        0.340174837,
        0.351659378,
        0.415627711,
        0.391547754
      ],
      "exit_codes": [
        0,
        0,
        0,
        0,
        0,
        0,
        0,
        0,
        0,
        0
      ]
    }
  ]
}
