{
  "results": [
    {
      "command": "./target/release/ccms \"claude\" --pattern \"~/.claude/projects/**/*.jsonl\" --engine rayon",
      "mean": 0.29463259176000006,
      "stddev": 0.03826827995229854,
      "median": 0.28493669596000004,
      "user": 1.67786842,
      "system": 0.1518502,
      "min": 0.26413334196000005,
      "max": 0.40135304996000004,
      "times": [
        0.28209859096,
        0.29123529996,
        0.26413334196000005,
        0.28011221696000005,
        0.28978463396000004,
        0.27958679996,
        0.28414134196,
        0.28573204996,
        0.28814859196000003,
        0.40135304996000004
      ],
      "exit_codes": [
        0,
        0,
        0,
        0,
        0,
        0,
        0,
        0,
        0,
        0
      ]
    },
    {
      "command": "./target/release/ccms \"claude\" --pattern \"~/.claude/projects/**/*.jsonl\" --engine tokio",
      "mean": 0.33562275006000003,
      "stddev": 0.013696821802671406,
      "median": 0.33656675796,
      "user": 1.86177212,
      "system": 0.33404649999999997,
      "min": 0.31319525796000003,
      "max": 0.35177959196,
      "times": [
        0.35177959196,
        0.34103950896,
        0.33525488296,
        0.34789454996,
        0.31436563396,
        0.33072167496000004,
        0.33254225896,
        0.31319525796000003,
        0.33787863296000004,
        0.35155550796
      ],
      "exit_codes": [
        0,
        0,
        0,
        0,
        0,
        0,
        0,
        0,
        0,
        0
      ]
    }
  ]
}
