{
  "results": [
    {
      "command": "./target/release/ccms \"claude\" --engine rayon",
      "mean": 0.30222633246,
      "stddev": 0.017390752913954876,
      "median": 0.29905214126,
      "user": 1.7635722399999998,
      "system": 0.15824548,
      "min": 0.27887789076,
      "max": 0.34093184876000004,
      "times": [
        0.30010918276000004,
        0.31159751576000005,
        0.29302489076000005,
        0.29511647376000005,
        0.31601072376000006,
        0.27887789076,
        0.30196759976000004,
        0.28663209876,
        0.29799509976000005,
        0.34093184876000004
      ],
      "exit_codes": [
        0,
        0,
        0,
        0,
        0,
        0,
        0,
        0,
        0,
        0
      ]
    },
    {
      "command": "./target/release/ccms \"claude\" --engine optimized-rayon",
      "mean": 0.2909559782600001,
      "stddev": 0.01893895808278968,
      "median": 0.29562091126,
      "user": 1.6914397399999999,
      "system": 0.14664638,
      "min": 0.26591576576000003,
      "max": 0.32167943276000005,
      "times": [
        0.29689180776,
        0.29989939076000005,
        0.29440776576000005,
        0.26591576576000003,
        0.29683405676,
        0.27054176576000005,
        0.31174180776000004,
        0.32167943276000005,
        0.28553955776,
        0.26610843176000004
      ],
      "exit_codes": [
        0,
        0,
        0,
        0,
        0,
        0,
        0,
        0,
        0,
        0
      ]
    },
    {
      "command": "./target/release/ccms \"claude\" --engine smol",
      "mean": 0.2557696128433334,
      "stddev": 0.015214373382439512,
      "median": 0.25547028726000004,
      "user": 1.6974272566666662,
      "system": 0.12128469666666665,
      "min": 0.22856830776000003,
      "max": 0.29287830676000004,
      "times": [
        0.22856830776000003,
        0.24694518176000002,
        0.24596801576000005,
        0.25695614076,
        0.25502272476000004,
        0.25923722376,
        0.26311522376,
        0.24865609876000005,
        0.29287830676000004,
        0.26595230676000003,
        0.25001797376,
        0.25591784976000004
      ],
      "exit_codes": [
        0,
        0,
        0,
        0,
        0,
        0,
        0,
        0,
        0,
        0,
        0,
        0
      ]
    },
    {
      "command": "./target/release/ccms \"claude\" --engine optimized-smol",
      "mean": 0.23052656383692313,
      "stddev": 0.013990689321744104,
      "median": 0.22351101576000001,
      "user": 1.519108532307692,
      "system": 0.11293254923076922,
      "min": 0.21749826576000003,
      "max": 0.26033859876000004,
      "times": [
        0.21847997376000003,
        0.24047480776000002,
        0.26033859876000004,
        0.22019364076000003,
        0.24071289076000002,
        0.25151468176,
        0.21977955776000002,
        0.23666322376000004,
        0.22173330776000003,
        0.21749826576000003,
        0.22382147476000003,
        0.22212389076000003,
        0.22351101576000001
      ],
      "exit_codes": [
        0,
        0,
        0,
        0,
        0,
        0,
        0,
        0,
        0,
        0,
        0,
        0,
        0
      ]
    }
  ]
}
