{
  "results": [
    {
      "command": "./golang/search_fullparse error",
      "mean": 0.19031771926000002,
      "stddev": 0.04301418587099705,
      "median": 0.17990226378000002,
      "user": 0.93359914,
      "system": 0.09501314000000001,
      "min": 0.14821707628000003,
      "max": 0.40167995028000003,
      "times": [
        0.15242953428,
        0.15261053428000002,
        0.17939511728000002,
        0.18861911728000003,
        0.19907024228,
        0.15045345128,
        0.16779520028,
        0.19868336728000002,
        0.16853411728,
        0.18459115928000003,
        0.19572390928000002,
        0.17722820028000003,
        0.15292361828,
        0.14821707628000003,
        0.18330090928,
        0.24066003428000002,
        0.18101611728000003,
        0.17234590928000001,
        0.17319303428000002,
        0.18151832628,
        0.17745261828,
        0.18271632628,
        0.18823249228000002,
        0.15877478428000003,
        0.17523186728,
        0.16077732628000002,
        0.16126945128,
        0.15029832628,
        0.17556315928000002,
        0.18991061828000003,
        0.23940015928000002,
        0.18221770128,
        0.19869290928000002,
        0.17418345028,
        0.17470499328000003,
        0.17557074228000003,
        0.18757190928,
        0.26071240928,
        0.16533682528000002,
        0.17977665928,
        0.18002786828,
        0.17928782628,
        0.17254878428,
        0.21631240928,
        0.19988153428000002,
        0.30021386728000005,
        0.26853374228000004,
        0.40167995028000003,
        0.19258257528000003,
        0.19811370128000003
      ],
      "exit_codes": [
        0,
        0,
        0,
        0,
        0,
        0,
        0,
        0,
        0,
        0,
        0,
        0,
        0,
        0,
        0,
        0,
        0,
        0,
        0,
        0,
        0,
        0,
        0,
        0,
        0,
        0,
        0,
        0,
        0,
        0,
        0,
        0,
        0,
        0,
        0,
        0,
        0,
        0,
        0,
        0,
        0,
        0,
        0,
        0,
        0,
        0,
        0,
        0,
        0,
        0
      ]
    },
    {
      "command": "./golang/search_fullparse_optimized error",
      "mean": 0.14889872256000003,
      "stddev": 0.028928625702436424,
      "median": 0.14273965928000001,
      "user": 0.7169494999999998,
      "system": 0.08469386,
      "min": 0.11268603428000001,
      "max": 0.27726295128,
      "times": [
        0.13366586828000002,
        0.14502107628000002,
        0.14633595128000002,
        0.15952507628,
        0.15012386728000002,
        0.14546699228,
        0.13383870128,
        0.18948499228000001,
        0.27726295128,
        0.20440978428,
        0.18210878428000002,
        0.23877803428000002,
        0.17563999228000002,
        0.14303315928000002,
        0.12112507628000002,
        0.13840315928000002,
        0.14839274228000002,
        0.14346511728,
        0.14065490928000002,
        0.13737765928,
        0.13945503428,
        0.13839995128000002,
        0.16221728428,
        0.15058357628000002,
        0.16326603428,
        0.15235499228000002,
        0.13469095028,
        0.14264674228000002,
        0.17025907528,
        0.13624499328,
        0.15325715928,
        0.13314115928,
        0.13052807528000002,
        0.11268603428000001,
        0.13843599228,
        0.15644220028000003,
        0.12605020028000002,
        0.13791590928,
        0.14283257628,
        0.12551015928,
        0.14463228428000002,
        0.11455674328000001,
        0.12485157528000002,
        0.12855053428000002,
        0.14924140928000001,
        0.15254340928000001,
        0.13490707628,
        0.13434349228,
        0.12414549228000002,
        0.13613211728000002
      ],
      "exit_codes": [
        0,
        0,
        0,
        0,
        0,
        0,
        0,
        0,
        0,
        0,
        0,
        0,
        0,
        0,
        0,
        0,
        0,
        0,
        0,
        0,
        0,
        0,
        0,
        0,
        0,
        0,
        0,
        0,
        0,
        0,
        0,
        0,
        0,
        0,
        0,
        0,
        0,
        0,
        0,
        0,
        0,
        0,
        0,
        0,
        0,
        0,
        0,
        0,
        0,
        0
      ]
    }
  ]
}
