{
  "results": [
    {
      "command": "../../../target/release/ccms error",
      "mean": 0.13149622415999998,
      "stddev": 0.008038815274876857,
      "median": 0.13079483498,
      "user": 0.7085932799999999,
      "system": 0.08818709999999998,
      "min": 0.11601741898000001,
      "max": 0.15103566798,
      "times": [
        0.12054045998000001,
        0.12310220998000002,
        0.13621925198,
        0.12829062698000002,
        0.12576308498,
        0.14550783498,
        0.12882395998,
        0.12664708498000002,
        0.11658575198,
        0.12315308498,
        0.12255254398000001,
        0.12779829398,
        0.13698291798,
        0.13077366798,
        0.14793433498,
        0.13185429298,
        0.13129762698,
        0.12884891898,
        0.13096887598,
        0.12476508498,
        0.13930575198,
        0.13461908498,
        0.14081841798,
        0.13590791798000001,
        0.13196187698,
        0.12309470998,
        0.13081600198,
        0.13558125098,
        0.14374479298,
        0.15103566798,
        0.12719554398,
        0.12500854298,
        0.12070633498,
        0.12712420998,
        0.12687825098,
        0.12394958498,
        0.14018395998,
        0.13618416898,
        0.13076487598,
        0.11601741898000001,
        0.12490387598,
        0.13694554398,
        0.13390495998000002,
        0.13673920998,
        0.14626187598,
        0.13502162698,
        0.14153175198,
        0.13784291798,
        0.12689100198,
        0.12546016798
      ],
      "exit_codes": [
        0,
        0,
        0,
        0,
        0,
        0,
        0,
        0,
        0,
        0,
        0,
        0,
        0,
        0,
        0,
        0,
        0,
        0,
        0,
        0,
        0,
        0,
        0,
        0,
        0,
        0,
        0,
        0,
        0,
        0,
        0,
        0,
        0,
        0,
        0,
        0,
        0,
        0,
        0,
        0,
        0,
        0,
        0,
        0,
        0,
        0,
        0,
        0,
        0,
        0
      ]
    },
    {
      "command": "./golang/search_fullparse_optimized error",
      "mean": 0.13507448415999998,
      "stddev": 0.01434831603555039,
      "median": 0.13560529348,
      "user": 0.71025544,
      "system": 0.08181683999999999,
      "min": 0.11249725198,
      "max": 0.17246004298,
      "times": [
        0.14560587698,
        0.13547141898,
        0.15346637698,
        0.13120225198000002,
        0.12350650098000002,
        0.13017341798,
        0.11885162698,
        0.12675333498,
        0.13876733498000002,
        0.11948683498,
        0.11547408498,
        0.14467612598000001,
        0.13967379398000002,
        0.12599137698,
        0.11580112698,
        0.12328008498000001,
        0.11903929298,
        0.15420770998,
        0.14087529298,
        0.12395229298000002,
        0.12253725198000001,
        0.17246004298,
        0.12735258498000002,
        0.16122191898000002,
        0.13573916798,
        0.12813554298000002,
        0.13079112698,
        0.11671958498,
        0.13926583498,
        0.13817329298,
        0.14044054398,
        0.11249725198,
        0.15442366798,
        0.12615066798,
        0.14766320998000002,
        0.14822637698000002,
        0.16157837598,
        0.13913808498,
        0.14527370998,
        0.12229170998,
        0.14806691898000002,
        0.11701150198,
        0.13785262698,
        0.11602641798,
        0.14755458498000001,
        0.13604787598,
        0.16227666898,
        0.13503537598,
        0.13662654298000002,
        0.12088958497999999
      ],
      "exit_codes": [
        0,
        0,
        0,
        0,
        0,
        0,
        0,
        0,
        0,
        0,
        0,
        0,
        0,
        0,
        0,
        0,
        0,
        0,
        0,
        0,
        0,
        0,
        0,
        0,
        0,
        0,
        0,
        0,
        0,
        0,
        0,
        0,
        0,
        0,
        0,
        0,
        0,
        0,
        0,
        0,
        0,
        0,
        0,
        0,
        0,
        0,
        0,
        0,
        0,
        0
      ]
    }
  ]
}
