{
  "results": [
    {
      "command": "./target/release/ccms \"claude\" --engine optimized-rayon",
      "mean": 0.24013806318000003,
      "stddev": 0.015704558921211562,
      "median": 0.23840072568000004,
      "user": 1.63162302,
      "system": 0.10100250000000002,
      "min": 0.21799812168000002,
      "max": 0.27157682968,
      "times": [
        0.24151924668000002,
        0.21799812168000002,
        0.27157682968,
        0.24874803868000003,
        0.24677320468,
        0.25343737168,
        0.22567645468000003,
        0.23528220468000002,
        0.23276607968000002,
        0.22760307968000001
      ],
      "exit_codes": [
        0,
        0,
        0,
        0,
        0,
        0,
        0,
        0,
        0,
        0
      ]
    }
  ]
}
