{
  "results": [
    {
      "command": "./target/release/ccms \"claude\" --engine optimized-rayon",
      "mean": 0.24177202156000002,
      "stddev": 0.01213599049619206,
      "median": 0.24032950516,
      "user": 1.63073872,
      "system": 0.10007755999999998,
      "min": 0.22405617166000003,
      "max": 0.26964342166,
      "times": [
        0.24183771366,
        0.22405617166000003,
        0.23641167166000002,
        0.24054754666000003,
        0.24011146366000002,
        0.23323333766,
        0.23761087966000002,
        0.26964342166,
        0.24193046266,
        0.25233754665999997
      ],
      "exit_codes": [
        0,
        0,
        0,
        0,
        0,
        0,
        0,
        0,
        0,
        0
      ]
    }
  ]
}
