{
  "results": [
    {
      "command": "./target/release/ccms \"claude\" --engine optimized-rayon",
      "mean": 0.33164659835999993,
      "stddev": 0.02437236896884361,
      "median": 0.32702678646,
      "user": 1.3663369999999997,
      "system": 0.0845106,
      "min": 0.29923141046,
      "max": 0.37338561946,
      "times": [
        0.32950166146,
        0.31517274346,
        0.30837361946,
        0.34182836946,
        0.36483211946,
        0.37338561946,
        0.34518024346,
        0.29923141046,
        0.32455191146,
        0.31440828546
      ],
      "exit_codes": [
        0,
        0,
        0,
        0,
        0,
        0,
        0,
        0,
        0,
        0
      ]
    }
  ]
}
