{
  "results": [
    {
      "command": "./target/release/ccms \"claude\" --engine rayon",
      "mean": 0.25567441386000006,
      "stddev": 0.012287755159089963,
      "median": 0.25436578756000006,
      "user": 1.36798094,
      "system": 0.15382864666666665,
      "min": 0.22970045406,
      "max": 0.28345870406000007,
      "times": [
        0.26843328706,
        0.26079678806000006,
        0.28345870406000007,
        0.25109112106000003,
        0.23482395406,
        0.24934649606,
        0.26561366206000003,
        0.22970045406,
        0.27131270406,
        0.28138245406000006,
        0.25372299606000004,
        0.25581345406000006,
        0.25514957906,
        0.24888137106,
        0.24700637006,
        0.24167512106000003,
        0.24804845406,
        0.27088820406,
        0.25500857906,
        0.26672603806000006,
        0.24443245406,
        0.25697857906000005,
        0.25149407906000004,
        0.25053312106000003,
        0.24346849506000004,
        0.26693462106000004,
        0.25583024506,
        0.25284087106,
        0.25944362106,
        0.24939653806000003
      ],
      "exit_codes": [
        0,
        0,
        0,
        0,
        0,
        0,
        0,
        0,
        0,
        0,
        0,
        0,
        0,
        0,
        0,
        0,
        0,
        0,
        0,
        0,
        0,
        0,
        0,
        0,
        0,
        0,
        0,
        0,
        0,
        0
      ]
    },
    {
      "command": "./target/release/ccms \"claude\" --engine optimized-rayon",
      "mean": 0.19600717486000002,
      "stddev": 0.019692972171466407,
      "median": 0.19534080856000002,
      "user": 1.1310976066666667,
      "system": 0.11062857999999999,
      "min": 0.16850295406000002,
      "max": 0.27089649506,
      "times": [
        0.20618620406000002,
        0.18346149606,
        0.21205124606,
        0.21407628706,
        0.18842145406000002,
        0.17475120406,
        0.19589828806,
        0.18066953706,
        0.19682791206,
        0.19370082906,
        0.19478332906,
        0.22388237106,
        0.17408637106,
        0.20517653706,
        0.20427178706000002,
        0.17754832906,
        0.18554791206000001,
        0.20464020406,
        0.27089649506,
        0.18104787006,
        0.20254112106,
        0.20295945406000002,
        0.20058982906,
        0.20985995406000002,
        0.17790316206,
        0.18323599606000002,
        0.18675778706,
        0.19927203806000002,
        0.18066728706000001,
        0.16850295406000002
      ],
      "exit_codes": [
        0,
        0,
        0,
        0,
        0,
        0,
        0,
        0,
        0,
        0,
        0,
        0,
        0,
        0,
        0,
        0,
        0,
        0,
        0,
        0,
        0,
        0,
        0,
        0,
        0,
        0,
        0,
        0,
        0,
        0
      ]
    }
  ]
}
