{
  "results": [
    {
      "command": "./target/release/ccms \"claude\" --engine rayon",
      "mean": 0.49757581843999993,
      "stddev": 0.16072031386137997,
      "median": 0.44912954304,
      "user": 1.4040765400000002,
      "system": 0.17373144000000001,
      "min": 0.35859560554000003,
      "max": 0.9349248145400001,
      "times": [
        0.45131235554000004,
        0.42785773154,
        0.35859560554000003,
        0.47176010554000003,
        0.45477710654000003,
        0.5517965645400001,
        0.9349248145400001,
        0.44694673054,
        0.43877885554,
        0.43900831454000006
      ],
      "exit_codes": [
        0,
        0,
        0,
        0,
        0,
        0,
        0,
        0,
        0,
        0
      ]
    },
    {
      "command": "./target/release/ccms \"claude\" --engine optimized-rayon",
      "mean": 0.31162672684000003,
      "stddev": 0.08375911146121981,
      "median": 0.31562906454000006,
      "user": 1.12843394,
      "system": 0.11058324,
      "min": 0.18522043954,
      "max": 0.41967235554000004,
      "times": [
        0.28973439754,
        0.41967235554000004,
        0.18522043954,
        0.37035014754,
        0.40337418954000004,
        0.23157335654000002,
        0.33417868954,
        0.20511964754,
        0.37996460554,
        0.29707943954000005
      ],
      "exit_codes": [
        0,
        0,
        0,
        0,
        0,
        0,
        0,
        0,
        0,
        0
      ]
    }
  ]
}
