{
  "results": [
    {
      "command": "./target/release/ccms \"claude\" --pattern \"~/.claude/projects/**/*.jsonl\" --engine tokio",
      "mean": 0.25036826675999996,
      "stddev": 0.007480859404985292,
      "median": 0.25016002906,
      "user": 1.4390510999999997,
      "system": 0.27246946000000005,
      "min": 0.23785250906,
      "max": 0.26190534206,
      "times": [
        0.25809271706,
        0.25208100806,
        0.24693950805999998,
        0.26190534206,
        0.25197092506,
        0.25794905006,
        0.24501380006,
        0.24834913306,
        0.24352867506,
        0.23785250906
      ],
      "exit_codes": [
        0,
        0,
        0,
        0,
        0,
        0,
        0,
        0,
        0,
        0
      ]
    },
    {
      "command": "./target/release/bench_tokio_optimized",
      "mean": 0.33171844606,
      "stddev": 0.006017112601634032,
      "median": 0.33239946706,
      "user": 1.6520905999999997,
      "system": 0.33786136,
      "min": 0.32383850806000003,
      "max": 0.34025605006,
      "times": [
        0.32401334206,
        0.33017021706,
        0.33685921706,
        0.33234384206,
        0.33245509206,
        0.34025605006,
        0.32424267506,
        0.33631130006,
        0.32383850806000003,
        0.33669421706
      ],
      "exit_codes": [
        0,
        0,
        0,
        0,
        0,
        0,
        0,
        0,
        0,
        0
      ]
    }
  ]
}
