{
  "results": [
    {
      "command": "../../../target/release/ccms error",
      "mean": 0.13607065584000003,
      "stddev": 0.0210320209078532,
      "median": 0.12983023252000003,
      "user": 0.70903504,
      "system": 0.09198526000000003,
      "min": 0.11861112802,
      "max": 0.23636196202,
      "times": [
        0.21098996202000003,
        0.15038067002000002,
        0.16092275302000003,
        0.12485592002,
        0.14373275302000002,
        0.14517687902,
        0.13175583702000002,
        0.12901967002,
        0.13674437802000003,
        0.12695958702000001,
        0.12315492001999999,
        0.12052750302,
        0.12011992002,
        0.12419537902000001,
        0.12201350402000001,
        0.12649154502,
        0.11866008702,
        0.13696133702000002,
        0.23636196202,
        0.16362975302000002,
        0.13028212802000003,
        0.12164496202000001,
        0.12912104502000002,
        0.14802337802,
        0.13833079502,
        0.13104867002,
        0.13596412802000002,
        0.12760333602,
        0.12764112802000002,
        0.13997925302000003,
        0.14381000402000002,
        0.14263933602,
        0.12314808602,
        0.13152942002,
        0.12770762802000002,
        0.13110725402,
        0.12565954502,
        0.14151433702000002,
        0.13154446202,
        0.12458812902000001,
        0.12592675302,
        0.12370542002,
        0.12937833702,
        0.11861112802,
        0.12178017002000001,
        0.12928717002,
        0.13103271102000003,
        0.15075721102,
        0.14378808702,
        0.12372446102
      ],
      "exit_codes": [
        0,
        0,
        0,
        0,
        0,
        0,
        0,
        0,
        0,
        0,
        0,
        0,
        0,
        0,
        0,
        0,
        0,
        0,
        0,
        0,
        0,
        0,
        0,
        0,
        0,
        0,
        0,
        0,
        0,
        0,
        0,
        0,
        0,
        0,
        0,
        0,
        0,
        0,
        0,
        0,
        0,
        0,
        0,
        0,
        0,
        0,
        0,
        0,
        0,
        0
      ]
    },
    {
      "command": "./golang/search_final error",
      "mean": 0.13099966428,
      "stddev": 0.02276789668974877,
      "median": 0.12551081602000003,
      "user": 0.6060549199999999,
      "system": 0.09104671999999997,
      "min": 0.10528492002,
      "max": 0.23986083702000002,
      "times": [
        0.15151367002000002,
        0.12829533602,
        0.15211958702000003,
        0.12507171202,
        0.14562758602,
        0.13741183602,
        0.12193625402000001,
        0.11214542002,
        0.14306275402000002,
        0.11944542002,
        0.13566187802000002,
        0.13748746202,
        0.14671058702,
        0.13445329502000003,
        0.12043150402000001,
        0.12594992002000002,
        0.11402742002,
        0.19321775402000002,
        0.16784379502000002,
        0.12218479502,
        0.12458396202000001,
        0.11104362802000001,
        0.12725333702000002,
        0.13464533702,
        0.13011792002000003,
        0.12784617002,
        0.12243300402,
        0.11926196202,
        0.14780012802,
        0.14862925302000002,
        0.11018000402,
        0.13024283602,
        0.23986083702000002,
        0.13643025302,
        0.12081012902,
        0.10626125302,
        0.10703287902,
        0.14312921202,
        0.12066212902,
        0.11484175302,
        0.12454275302,
        0.12040162802,
        0.10528492002,
        0.12288525402000001,
        0.12059292002000001,
        0.12795396202,
        0.10703467002,
        0.11101500302,
        0.12142692002000001,
        0.13118121202000002
      ],
      "exit_codes": [
        0,
        0,
        0,
        0,
        0,
        0,
        0,
        0,
        0,
        0,
        0,
        0,
        0,
        0,
        0,
        0,
        0,
        0,
        0,
        0,
        0,
        0,
        0,
        0,
        0,
        0,
        0,
        0,
        0,
        0,
        0,
        0,
        0,
        0,
        0,
        0,
        0,
        0,
        0,
        0,
        0,
        0,
        0,
        0,
        0,
        0,
        0,
        0,
        0,
        0
      ]
    }
  ]
}
