{
  "results": [
    {
      "command": "../../../target/release/ccms error",
      "mean": 0.13608602145999998,
      "stddev": 0.013072758117210636,
      "median": 0.13186258886,
      "user": 0.70914348,
      "system": 0.08925804000000002,
      "min": 0.11962900636000001,
      "max": 0.17776704736,
      "times": [
        0.12997863136,
        0.14125771336,
        0.15970792236,
        0.13210254736,
        0.17436229736,
        0.13680175536,
        0.13742108936,
        0.17776704736,
        0.12101567235999999,
        0.12698283836,
        0.12762075536,
        0.12600908936,
        0.12864229736,
        0.13044608936,
        0.13410850536,
        0.13162263036,
        0.13533871336,
        0.12818933836000002,
        0.12473571436,
        0.12906704736,
        0.12128042236,
        0.13950092236,
        0.13269933836,
        0.12741342236,
        0.12407829736,
        0.13217338136,
        0.12696054736,
        0.13679792236,
        0.11962900636000001,
        0.12253546436000001,
        0.12951138136,
        0.12796963036,
        0.15039867236,
        0.12966242236,
        0.12867883936,
        0.12707154736,
        0.16637063036,
        0.14576408936000002,
        0.14271867236,
        0.15466425536,
        0.13862496336,
        0.14595125536,
        0.13967592236,
        0.12305300536,
        0.14685771336,
        0.14950713036,
        0.13890504736,
        0.13032396436,
        0.12707063036,
        0.14527488036
      ],
      "exit_codes": [
        0,
        0,
        0,
        0,
        0,
        0,
        0,
        0,
        0,
        0,
        0,
        0,
        0,
        0,
        0,
        0,
        0,
        0,
        0,
        0,
        0,
        0,
        0,
        0,
        0,
        0,
        0,
        0,
        0,
        0,
        0,
        0,
        0,
        0,
        0,
        0,
        0,
        0,
        0,
        0,
        0,
        0,
        0,
        0,
        0,
        0,
        0,
        0,
        0,
        0
      ]
    },
    {
      "command": "./golang/search_fullparse error",
      "mean": 0.18883686814000009,
      "stddev": 0.03454830265734644,
      "median": 0.17858431786,
      "user": 0.94144308,
      "system": 0.09525165999999999,
      "min": 0.15157733936,
      "max": 0.33334213136,
      "times": [
        0.15962617236,
        0.20661833836000001,
        0.21972525636,
        0.19479496336000002,
        0.15460479736,
        0.17258575636,
        0.16722058936,
        0.16829767236,
        0.15755363036,
        0.18305763036,
        0.17017450536,
        0.15888433936000002,
        0.21460763036,
        0.17807863036000002,
        0.19857025536,
        0.16588133836,
        0.17909000536,
        0.16377042236,
        0.17338467236,
        0.16901658936,
        0.17641467236,
        0.17158879736000002,
        0.17372808936,
        0.19934429736,
        0.15157733936,
        0.16945496336000002,
        0.16044663036,
        0.19299783936,
        0.19650913036,
        0.18114129736,
        0.15161075536000002,
        0.18057400536,
        0.19144638036,
        0.17461221436000002,
        0.20225721336,
        0.16069729736,
        0.16991450536,
        0.17748154736000002,
        0.18629692236,
        0.18935692236,
        0.18029758936,
        0.22217892236,
        0.17370754736,
        0.23609571436000001,
        0.33334213136,
        0.25286067236,
        0.20464267236,
        0.29911663036,
        0.22125579736,
        0.20535171436000002
      ],
      "exit_codes": [
        0,
        0,
        0,
        0,
        0,
        0,
        0,
        0,
        0,
        0,
        0,
        0,
        0,
        0,
        0,
        0,
        0,
        0,
        0,
        0,
        0,
        0,
        0,
        0,
        0,
        0,
        0,
        0,
        0,
        0,
        0,
        0,
        0,
        0,
        0,
        0,
        0,
        0,
        0,
        0,
        0,
        0,
        0,
        0,
        0,
        0,
        0,
        0,
        0,
        0
      ]
    },
    {
      "command": "./golang/search_fullparse_optimized error",
      "mean": 0.14487806322,
      "stddev": 0.019584580528777845,
      "median": 0.14348888086,
      "user": 0.7171081600000001,
      "system": 0.08576806,
      "min": 0.11603471336000001,
      "max": 0.22733546436000002,
      "times": [
        0.13959438136,
        0.12504450636,
        0.14685888036,
        0.15238154736,
        0.17916313036,
        0.13432363136,
        0.12155508936000001,
        0.14290363036,
        0.11967588036000001,
        0.14481058936,
        0.14418254736,
        0.13898642236,
        0.13702850636,
        0.13983350536,
        0.11603471336000001,
        0.13580163036,
        0.13245833836,
        0.14984238036,
        0.12815100636,
        0.16834979736,
        0.17766013036,
        0.12486008836000001,
        0.22733546436000002,
        0.13488021436,
        0.15326854736,
        0.14920279736,
        0.14864188136,
        0.15204029736,
        0.15238313036,
        0.14651363036,
        0.14197929736,
        0.13910313036,
        0.14581296436,
        0.17013979736,
        0.16066908936000002,
        0.12667963136,
        0.12881408836,
        0.14407413136,
        0.14417167236,
        0.15171975636,
        0.12971492236,
        0.12008542236,
        0.15743525636,
        0.18851350636,
        0.13891046336,
        0.15161063036,
        0.13089842236000002,
        0.13944908836,
        0.12420438036,
        0.14615121436
      ],
      "exit_codes": [
        0,
        0,
        0,
        0,
        0,
        0,
        0,
        0,
        0,
        0,
        0,
        0,
        0,
        0,
        0,
        0,
        0,
        0,
        0,
        0,
        0,
        0,
        0,
        0,
        0,
        0,
        0,
        0,
        0,
        0,
        0,
        0,
        0,
        0,
        0,
        0,
        0,
        0,
        0,
        0,
        0,
        0,
        0,
        0,
        0,
        0,
        0,
        0,
        0,
        0
      ]
    }
  ]
}
