{
  "results": [
    {
      "command": "../../../target/release/ccms error",
      "mean": 0.1408799780666667,
      "stddev": 0.018722265951609127,
      "median": 0.13663357230000003,
      "user": 0.7024833666666667,
      "system": 0.08984228666666666,
      "min": 0.12025469680000002,
      "max": 0.20102490580000001,
      "times": [
        0.1317385728,
        0.17559540580000002,
        0.12952153080000003,
        0.13261357280000002,
        0.12961753080000002,
        0.1402824058,
        0.13250503080000003,
        0.19288757180000002,
        0.13689573980000003,
        0.13233598880000003,
        0.1234546558,
        0.1389307398,
        0.12683148980000003,
        0.13146169680000003,
        0.1257416148,
        0.20102490580000001,
        0.1420173228,
        0.1403737388,
        0.13640273880000003,
        0.13614786480000002,
        0.1474872808,
        0.13961453080000003,
        0.14504315580000002,
        0.15477698880000001,
        0.14335403080000003,
        0.1247509898,
        0.12025469680000002,
        0.12814403080000003,
        0.13686440580000003,
        0.14972911380000004
      ],
      "exit_codes": [
        0,
        0,
        0,
        0,
        0,
        0,
        0,
        0,
        0,
        0,
        0,
        0,
        0,
        0,
        0,
        0,
        0,
        0,
        0,
        0,
        0,
        0,
        0,
        0,
        0,
        0,
        0,
        0,
        0,
        0
      ]
    },
    {
      "command": "./golang/search_fullparse_optimized error",
      "mean": 0.14446720573333333,
      "stddev": 0.01630398676316661,
      "median": 0.14653050980000004,
      "user": 0.7151960666666668,
      "system": 0.08624725333333334,
      "min": 0.11933090580000001,
      "max": 0.18795911380000002,
      "times": [
        0.1209299478,
        0.1333146148,
        0.1265098638,
        0.12566823980000003,
        0.12893373880000003,
        0.1477496138,
        0.1193863218,
        0.14135298980000002,
        0.18795911380000002,
        0.13772590580000002,
        0.14979811380000002,
        0.15568944780000002,
        0.1529795308,
        0.14775490580000003,
        0.16177248880000003,
        0.13257132280000003,
        0.11933090580000001,
        0.15322648880000003,
        0.14758373880000003,
        0.1265013218,
        0.15013107180000002,
        0.1619818648,
        0.1423654058,
        0.14213548880000001,
        0.16576707180000003,
        0.15157932280000003,
        0.14547728080000003,
        0.16855611380000002,
        0.15829390580000002,
        0.13099003080000002
      ],
      "exit_codes": [
        0,
        0,
        0,
        0,
        0,
        0,
        0,
        0,
        0,
        0,
        0,
        0,
        0,
        0,
        0,
        0,
        0,
        0,
        0,
        0,
        0,
        0,
        0,
        0,
        0,
        0,
        0,
        0,
        0,
        0
      ]
    }
  ]
}
