{
  "results": [
    {
      "command": "../../../target/release/ccms error",
      "mean": 0.13650671096000003,
      "stddev": 0.0157648239205856,
      "median": 0.13412047812,
      "user": 0.7070439799999998,
      "system": 0.09198108,
      "min": 0.12057339462000001,
      "max": 0.20443506162000002,
      "times": [
        0.13598564462,
        0.13689356062000002,
        0.12605947762000003,
        0.12850751862,
        0.19536243562000002,
        0.20443506162000002,
        0.15038668562000002,
        0.14012493562000003,
        0.12236318562,
        0.13169126862000002,
        0.13088701962000002,
        0.13179972762000003,
        0.13168085262,
        0.12441114462000001,
        0.14637126862000002,
        0.14082664362000002,
        0.12057339462000001,
        0.12618764462,
        0.12628410262,
        0.13075301962000002,
        0.13417376962000002,
        0.12278164462,
        0.14202572762000001,
        0.13406801962,
        0.12263310262,
        0.14048981062000002,
        0.13403747762,
        0.13845947762000002,
        0.12567764362000003,
        0.13542206162,
        0.12809306162000003,
        0.13764926862000001,
        0.12247235262000002,
        0.14382535262,
        0.14062401962,
        0.12548706162,
        0.15480089362000002,
        0.13747406062000003,
        0.14626001962000001,
        0.13462518562000003,
        0.12405860262,
        0.12261576962,
        0.13692651962000002,
        0.16047368662000003,
        0.12979014462000002,
        0.13295018562000002,
        0.12383981062,
        0.14338668562,
        0.13445660262000003,
        0.13417293662000002
      ],
      "exit_codes": [
        0,
        0,
        0,
        0,
        0,
        0,
        0,
        0,
        0,
        0,
        0,
        0,
        0,
        0,
        0,
        0,
        0,
        0,
        0,
        0,
        0,
        0,
        0,
        0,
        0,
        0,
        0,
        0,
        0,
        0,
        0,
        0,
        0,
        0,
        0,
        0,
        0,
        0,
        0,
        0,
        0,
        0,
        0,
        0,
        0,
        0,
        0,
        0,
        0,
        0
      ]
    },
    {
      "command": "./golang/search_fullparse error",
      "mean": 0.18436124688,
      "stddev": 0.026981543361111488,
      "median": 0.17899210262000004,
      "user": 0.9367125199999997,
      "system": 0.09679251999999997,
      "min": 0.14814926962000002,
      "max": 0.30551418562000004,
      "times": [
        0.18650776962,
        0.16217881062000003,
        0.18854397762000003,
        0.24652581062,
        0.20958922762,
        0.21235339462000002,
        0.17561543662,
        0.21337918662000002,
        0.17455372762000002,
        0.18199910262000002,
        0.17450414362000002,
        0.18224397762000002,
        0.18757993662000003,
        0.17961164462,
        0.19024414462000003,
        0.16805618662000002,
        0.16114785262000003,
        0.17425718562000003,
        0.16270851862000002,
        0.17756718562,
        0.18006881062000002,
        0.16739822762000003,
        0.16708831062,
        0.15559810262,
        0.17497085262000003,
        0.15367681162000002,
        0.18785068662,
        0.17193464462000002,
        0.30551418562000004,
        0.19199389462000002,
        0.17554610262000003,
        0.21569010262000002,
        0.19477306062000002,
        0.17259726962000002,
        0.17952056062000002,
        0.18064151962000002,
        0.18015176962,
        0.16885635262,
        0.18696981162,
        0.18013510262000001,
        0.17406289462000002,
        0.18212747762000003,
        0.16856147762,
        0.26322485262,
        0.16972297762000002,
        0.17966168562,
        0.17699893662000002,
        0.14814926962000002,
        0.17846364462000003,
        0.17694572762000002
      ],
      "exit_codes": [
        0,
        0,
        0,
        0,
        0,
        0,
        0,
        0,
        0,
        0,
        0,
        0,
        0,
        0,
        0,
        0,
        0,
        0,
        0,
        0,
        0,
        0,
        0,
        0,
        0,
        0,
        0,
        0,
        0,
        0,
        0,
        0,
        0,
        0,
        0,
        0,
        0,
        0,
        0,
        0,
        0,
        0,
        0,
        0,
        0,
        0,
        0,
        0,
        0,
        0
      ]
    }
  ]
}
