{
  "results": [
    {
      "command": "../../../target/release/ccms error",
      "mean": 0.13846224656000006,
      "stddev": 0.016817715364493814,
      "median": 0.13424115506,
      "user": 0.70766084,
      "system": 0.09274215999999999,
      "min": 0.11751009206000002,
      "max": 0.20542871706000002,
      "times": [
        0.14837017506000003,
        0.11972225906000002,
        0.13284305006000002,
        0.16306009206000002,
        0.12775888406000002,
        0.20542871706000002,
        0.15183363406,
        0.13427792606000002,
        0.13041680106,
        0.12430534206000002,
        0.12410546806,
        0.12470759206000001,
        0.15414346706,
        0.13049163406,
        0.14208775906,
        0.15461950906000002,
        0.14428813406000002,
        0.17507046806,
        0.12264463406000001,
        0.14181384306,
        0.15282663406000002,
        0.12797792506,
        0.12188092606,
        0.13382834206000002,
        0.13537167606,
        0.12827996706,
        0.14705746806,
        0.12674834206000002,
        0.11751009206000002,
        0.13180030106,
        0.12739334306,
        0.13420438406000001,
        0.13609096706,
        0.11973875906,
        0.12505292506000001,
        0.12380380106000002,
        0.12401000906000001,
        0.12491305106,
        0.12403625906000001,
        0.14020913406000002,
        0.13865363406,
        0.16393850906000001,
        0.14415146706,
        0.16787838406000002,
        0.12248521706000001,
        0.14136300906000002,
        0.14351305106,
        0.15288080106000002,
        0.14611134306,
        0.14741321706000002
      ],
      "exit_codes": [
        0,
        0,
        0,
        0,
        0,
        0,
        0,
        0,
        0,
        0,
        0,
        0,
        0,
        0,
        0,
        0,
        0,
        0,
        0,
        0,
        0,
        0,
        0,
        0,
        0,
        0,
        0,
        0,
        0,
        0,
        0,
        0,
        0,
        0,
        0,
        0,
        0,
        0,
        0,
        0,
        0,
        0,
        0,
        0,
        0,
        0,
        0,
        0,
        0,
        0
      ]
    },
    {
      "command": "./golang/search_jsonparser_optimized error",
      "mean": 0.13817601334,
      "stddev": 0.021448520200881525,
      "median": 0.13388075906000002,
      "user": 0.6583135600000003,
      "system": 0.09390541999999996,
      "min": 0.11237096806,
      "max": 0.22714163406000001,
      "times": [
        0.11946180106000001,
        0.13431300906000002,
        0.14966234306,
        0.11807088406,
        0.16131430106000003,
        0.14972242606000002,
        0.15739963406000002,
        0.13765988406000002,
        0.18272659306000003,
        0.14289121706000002,
        0.17027930106000003,
        0.12607492606,
        0.14512930106000002,
        0.13470971806,
        0.13664317506,
        0.12193763406000002,
        0.13280309306000002,
        0.13611730106,
        0.14938463406000002,
        0.12803992506,
        0.12867946706000002,
        0.22714163406000001,
        0.12260755106000001,
        0.11452409206000001,
        0.13001025906000002,
        0.12270505106000001,
        0.15284659306,
        0.15426700906000002,
        0.15920080006,
        0.11267171806000001,
        0.13180396706,
        0.12949159206000002,
        0.14951059306,
        0.13615142606000002,
        0.11330059206000001,
        0.13209559306000002,
        0.13964059306,
        0.11237096806,
        0.13326555006000002,
        0.11585967606000001,
        0.14753559306000003,
        0.15036659206,
        0.11607884206,
        0.11307988406000001,
        0.12957150906,
        0.13029363406000002,
        0.11699517606000001,
        0.18384017506000003,
        0.13510492606000002,
        0.13344850906
      ],
      "exit_codes": [
        0,
        0,
        0,
        0,
        0,
        0,
        0,
        0,
        0,
        0,
        0,
        0,
        0,
        0,
        0,
        0,
        0,
        0,
        0,
        0,
        0,
        0,
        0,
        0,
        0,
        0,
        0,
        0,
        0,
        0,
        0,
        0,
        0,
        0,
        0,
        0,
        0,
        0,
        0,
        0,
        0,
        0,
        0,
        0,
        0,
        0,
        0,
        0,
        0,
        0
      ]
    }
  ]
}
