{
  "results": [
    {
      "command": "./target/release/bench_smol --optimized",
      "mean": 0.33798427661999997,
      "stddev": 0.0197481088162113,
      "median": 0.33604811802,
      "user": 1.4289235999999998,
      "system": 0.12224474,
      "min": 0.31598341002,
      "max": 0.36733607702000004,
      "times": [
        0.32537799302000003,
        0.36733607702000004,
        0.34517578502,
        0.33604811802,
        0.31598341002
      ],
      "exit_codes": [
        0,
        0,
        0,
        0,
        0
      ]
    },
    {
      "command": "./target/release/bench_smol",
      "mean": 0.24093957682,
      "stddev": 0.0070541338796964,
      "median": 0.24104020202,
      "user": 1.6226923999999996,
      "system": 0.10803634,
      "min": 0.22980091002000003,
      "max": 0.24766974302,
      "times": [
        0.22980091002000003,
        0.24628641002,
        0.23990061902,
        0.24104020202,
        0.24766974302
      ],
      "exit_codes": [
        0,
        0,
        0,
        0,
        0
      ]
    }
  ]
}
