{
  "results": [
    {
      "command": "./target/release/bench_smol --optimized",
      "mean": 0.23181711470000002,
      "stddev": 0.012304036709278094,
      "median": 0.22646093930000002,
      "user": 1.6550976800000001,
      "system": 0.13242391999999997,
      "min": 0.21997448130000002,
      "max": 0.24793660630000006,
      "times": [
        0.21997448130000002,
        0.24793660630000006,
        0.22646093930000002,
        0.24174293930000001,
        0.22297060730000004
      ],
      "exit_codes": [
        0,
        0,
        0,
        0,
        0
      ]
    },
    {
      "command": "./target/release/bench_smol",
      "mean": 0.24394375670000001,
      "stddev": 0.008772167630368654,
      "median": 0.24537818930000002,
      "user": 1.59965428,
      "system": 0.11425091999999999,
      "min": 0.23464381530000003,
      "max": 0.2544569813,
      "times": [
        0.2544569813,
        0.24987331530000004,
        0.23464381530000003,
        0.23536648230000004,
        0.24537818930000002
      ],
      "exit_codes": [
        0,
        0,
        0,
        0,
        0
      ]
    }
  ]
}
