{
  "results": [
    {
      "command": "./target/release/ccms \"claude\" --engine smol",
      "mean": 0.20536022788999997,
      "stddev": 0.016682961137565025,
      "median": 0.20183883044,
      "user": 1.2338532799999995,
      "system": 0.11597522,
      "min": 0.18142657994,
      "max": 0.24818141293999998,
      "times": [
        0.19505999694,
        0.20254862194,
        0.19893870494,
        0.20107841294,
        0.22978612194,
        0.24818141293999998,
        0.20461320494000002,
        0.21298224694,
        0.20680266294,
        0.22079382994,
        0.20112903894,
        0.20310291294,
        0.20978307994,
        0.20082987094,
        0.19429945494,
        0.19180582994,
        0.18950812194,
        0.18292799694,
        0.23160645494,
        0.18142657994
      ],
      "exit_codes": [
        0,
        0,
        0,
        0,
        0,
        0,
        0,
        0,
        0,
        0,
        0,
        0,
        0,
        0,
        0,
        0,
        0,
        0,
        0,
        0
      ]
    },
    {
      "command": "./target/release/ccms \"claude\" --engine optimized-smol",
      "mean": 0.20170591964,
      "stddev": 0.0143022089900972,
      "median": 0.20070728844,
      "user": 1.2274287799999999,
      "system": 0.11274541999999996,
      "min": 0.18207620494,
      "max": 0.22865499594,
      "times": [
        0.22865499594,
        0.18800766394,
        0.18917957994,
        0.18764545494,
        0.20777912194,
        0.20912562194,
        0.22253682994,
        0.21699674694,
        0.21857537194,
        0.20505020494,
        0.21570762194,
        0.19601837094,
        0.18207620494,
        0.18364370494,
        0.19666295494,
        0.21264653894,
        0.18486924694,
        0.19212753794,
        0.20475162194,
        0.19206299694
      ],
      "exit_codes": [
        0,
        0,
        0,
        0,
        0,
        0,
        0,
        0,
        0,
        0,
        0,
        0,
        0,
        0,
        0,
        0,
        0,
        0,
        0,
        0
      ]
    }
  ]
}
