{
  "results": [
    {
      "command": "./target/release/ccms \"claude\" --engine smol",
      "mean": 0.24702978432545455,
      "stddev": 0.014980488180090706,
      "median": 0.24012851978000002,
      "user": 1.7185684,
      "system": 0.10965625090909091,
      "min": 0.23364843578000002,
      "max": 0.27854164478000004,
      "times": [
        0.24585685178,
        0.27854164478000004,
        0.23472106078000002,
        0.24182751878000003,
        0.23865410278000002,
        0.26691493578000003,
        0.23364843578000002,
        0.23876618578000003,
        0.26141843578,
        0.24012851978000002,
        0.23684993578000002
      ],
      "exit_codes": [
        0,
        0,
        0,
        0,
        0,
        0,
        0,
        0,
        0,
        0,
        0
      ]
    },
    {
      "command": "./target/release/ccms \"claude\" --engine optimized-smol",
      "mean": 0.22892200536333332,
      "stddev": 0.018669968774099273,
      "median": 0.22605739428000002,
      "user": 1.5243497333333333,
      "system": 0.10920857666666667,
      "min": 0.21236131078,
      "max": 0.28193701978,
      "times": [
        0.24073526878,
        0.23342535278,
        0.22202868578,
        0.28193701978,
        0.22874510278000001,
        0.21901810278000003,
        0.22583072778000002,
        0.22802960178,
        0.22628406078000002,
        0.21504864478000002,
        0.21236131078,
        0.21362018578000003
      ],
      "exit_codes": [
        0,
        0,
        0,
        0,
        0,
        0,
        0,
        0,
        0,
        0,
        0,
        0
      ]
    }
  ]
}
