{
  "results": [
    {
      "command": "./target/release/ccms \"claude\" --engine smol",
      "mean": 0.17838398420000004,
      "stddev": 0.008827031786273655,
      "median": 0.174915934,
      "user": 1.2129524200000001,
      "system": 0.10871215999999999,
      "min": 0.1688293925,
      "max": 0.19861030950000003,
      "times": [
        0.17541660050000002,
        0.1688293925,
        0.1826986845,
        0.17162335050000002,
        0.17835405950000002,
        0.18655476750000002,
        0.19861030950000003,
        0.1744152675,
        0.1742789335,
        0.1730584765
      ],
      "exit_codes": [
        0,
        0,
        0,
        0,
        0,
        0,
        0,
        0,
        0,
        0
      ]
    }
  ]
}
