{
  "results": [
    {
      "command": "./target/release/ccms \"claude\" --engine smol",
      "mean": 0.19629052956666665,
      "stddev": 0.017228884181842943,
      "median": 0.19215391110000002,
      "user": 1.2386253,
      "system": 0.11319421999999998,
      "min": 0.1805016831,
      "max": 0.2709209321,
      "times": [
        0.2130090991,
        0.1814480571,
        0.1906506821,
        0.1916651411,
        0.1805016831,
        0.1990291831,
        0.1848653491,
        0.1831913081,
        0.1896905151,
        0.1846925581,
        0.1925152651,
        0.2101967241,
        0.1825991401,
        0.2180906411,
        0.1988161821,
        0.1999334321,
        0.1944736401,
        0.1822519741,
        0.2709209321,
        0.1989230571,
        0.2058586821,
        0.1835038911,
        0.1945410571,
        0.2022310571,
        0.2001723911,
        0.2026692241,
        0.1869040571,
        0.1842234321,
        0.1917925571,
        0.1893549741
      ],
      "exit_codes": [
        0,
        0,
        0,
        0,
        0,
        0,
        0,
        0,
        0,
        0,
        0,
        0,
        0,
        0,
        0,
        0,
        0,
        0,
        0,
        0,
        0,
        0,
        0,
        0,
        0,
        0,
        0,
        0,
        0,
        0
      ]
    },
    {
      "command": "./target/release/ccms \"claude\" --engine optimized-smol",
      "mean": 0.19506874210000003,
      "stddev": 0.00939000388037898,
      "median": 0.1912395781,
      "user": 1.2408826333333332,
      "system": 0.11373055333333332,
      "min": 0.1823142661,
      "max": 0.2223743081,
      "times": [
        0.1881867651,
        0.1823142661,
        0.1882818071,
        0.1959634741,
        0.1873759741,
        0.2017253491,
        0.2053405571,
        0.1838415991,
        0.2064568491,
        0.1920290151,
        0.1999330581,
        0.1900295571,
        0.2223743081,
        0.2008962241,
        0.2093462241,
        0.2028942661,
        0.1968390571,
        0.2035630991,
        0.1912430151,
        0.1899182241,
        0.1866167651,
        0.1872033081,
        0.1912361411,
        0.1872538071,
        0.1904522661,
        0.1892837651,
        0.1856778911,
        0.2064822661,
        0.2028163491,
        0.1864870151
      ],
      "exit_codes": [
        0,
        0,
        0,
        0,
        0,
        0,
        0,
        0,
        0,
        0,
        0,
        0,
        0,
        0,
        0,
        0,
        0,
        0,
        0,
        0,
        0,
        0,
        0,
        0,
        0,
        0,
        0,
        0,
        0,
        0
      ]
    }
  ]
}
