{
  "results": [
    {
      "command": "./target/release/ccms \"claude\" --pattern \"~/.claude/projects/**/*.jsonl\" --engine rayon",
      "mean": 0.2628442027600001,
      "stddev": 0.009469134353828377,
      "median": 0.2653003943600001,
      "user": 1.6768977,
      "system": 0.14135725999999998,
      "min": 0.23963410286,
      "max": 0.27318372786000006,
      "times": [
        0.26753456086000005,
        0.26893147786000005,
        0.25843935286,
        0.26729064486000004,
        0.26331014386000007,
        0.25892760286000005,
        0.23963410286,
        0.27318372786000006,
        0.26962293586,
        0.26156747786000006
      ],
      "exit_codes": [
        0,
        0,
        0,
        0,
        0,
        0,
        0,
        0,
        0,
        0
      ]
    },
    {
      "command": "./target/release/ccms \"claude\" --pattern \"~/.claude/projects/**/*.jsonl\" --engine tokio",
      "mean": 0.31351136106000005,
      "stddev": 0.023348166312921286,
      "median": 0.3122925403600001,
      "user": 1.7997352999999994,
      "system": 0.25528906,
      "min": 0.28426235286000007,
      "max": 0.35532001886000003,
      "times": [
        0.33742468586,
        0.35532001886000003,
        0.29411864386000003,
        0.33174085286000005,
        0.30883626986000007,
        0.28426235286000007,
        0.31574881086000006,
        0.32295014486000007,
        0.29475022786000005,
        0.28996160286000006
      ],
      "exit_codes": [
        0,
        0,
        0,
        0,
        0,
        0,
        0,
        0,
        0,
        0
      ]
    }
  ]
}
