{
  "results": [
    {
      "command": "./target/release/ccms \"claude\" --engine optimized-rayon",
      "mean": 0.20178643386000003,
      "stddev": 0.007827359136348902,
      "median": 0.20348781316000003,
      "user": 1.27276942,
      "system": 0.09387788000000001,
      "min": 0.19074629216000002,
      "max": 0.21284987516000003,
      "times": [
        0.20251683416000002,
        0.19128429216000004,
        0.20411983416,
        0.21284987516000003,
        0.19193516716000003,
        0.20532275016,
        0.20817975116,
        0.20285579216000002,
        0.20805375016000002,
        0.19074629216000002
      ],
      "exit_codes": [
        0,
        0,
        0,
        0,
        0,
        0,
        0,
        0,
        0,
        0
      ]
    },
    {
      "command": "./target/release/ccms \"claude\" --engine optimized-smol",
      "mean": 0.18846292156,
      "stddev": 0.013618137425488234,
      "median": 0.18681043866000002,
      "user": 1.1994948199999997,
      "system": 0.11987118,
      "min": 0.17213208416000003,
      "max": 0.21567141716000002,
      "times": [
        0.19291812516,
        0.17275837516000003,
        0.17213208416000003,
        0.17758666716000002,
        0.18573125116000003,
        0.18788962616000002,
        0.18302204216,
        0.19398541816000003,
        0.20293420916000002,
        0.21567141716000002
      ],
      "exit_codes": [
        0,
        0,
        0,
        0,
        0,
        0,
        0,
        0,
        0,
        0
      ]
    },
    {
      "command": "./target/release/ccms \"claude\" --engine optimized-tokio",
      "mean": 0.26817734656000003,
      "stddev": 0.018434589652578836,
      "median": 0.26582620966000003,
      "user": 1.46561582,
      "system": 0.32124368,
      "min": 0.24260770916000002,
      "max": 0.29754395916000004,
      "times": [
        0.24260770916000002,
        0.25497641716,
        0.28934212516,
        0.27551137616000004,
        0.29754395916000004,
        0.27868687516,
        0.28043537616,
        0.25608579216000005,
        0.25044279216000004,
        0.25614104316
      ],
      "exit_codes": [
        0,
        0,
        0,
        0,
        0,
        0,
        0,
        0,
        0,
        0
      ]
    }
  ]
}
