{
  "results": [
    {
      "command": "./target/release/ccms \"claude\" --pattern \"~/.claude/projects/**/*.jsonl\" --engine rayon",
      "mean": 0.20616922922000006,
      "stddev": 0.010305250791092353,
      "median": 0.20573443372000003,
      "user": 1.3230833,
      "system": 0.1439598,
      "min": 0.18677526672000003,
      "max": 0.21967547472,
      "times": [
        0.20040568272000003,
        0.21443897472000004,
        0.20212989172000004,
        0.21967547472,
        0.19721322472000002,
        0.21859185072000004,
        0.21099305872000002,
        0.20898535072000002,
        0.20248351672000003,
        0.18677526672000003
      ],
      "exit_codes": [
        0,
        0,
        0,
        0,
        0,
        0,
        0,
        0,
        0,
        0
      ]
    },
    {
      "command": "./target/release/ccms \"claude\" --pattern \"~/.claude/projects/**/*.jsonl\" --engine tokio",
      "mean": 0.23553963762000002,
      "stddev": 0.007826145779668624,
      "median": 0.23383997472,
      "user": 1.4574672,
      "system": 0.3068717,
      "min": 0.22749918372000003,
      "max": 0.25322122472,
      "times": [
        0.23192914172000004,
        0.23731805872000003,
        0.23453039172000004,
        0.23320668272000003,
        0.22749918372000003,
        0.24413280872000004,
        0.23447326672000002,
        0.22806189172000002,
        0.23102372572000002,
        0.25322122472
      ],
      "exit_codes": [
        0,
        0,
        0,
        0,
        0,
        0,
        0,
        0,
        0,
        0
      ]
    }
  ]
}
