{
  "results": [
    {
      "command": "./target/release/ccms \"claude\" --pattern \"~/.claude/projects/**/*.jsonl\" --engine rayon",
      "mean": 0.22016111141846156,
      "stddev": 0.009040481319594196,
      "median": 0.22216587488,
      "user": 1.3108447723076924,
      "system": 0.14362232307692308,
      "min": 0.20658691588000003,
      "max": 0.23672224888,
      "times": [
        0.22216587488,
        0.22555866588,
        0.21657833188,
        0.21045879088000002,
        0.20658691588000003,
        0.21108816588,
        0.21634983288,
        0.21091958288,
        0.22493562388000002,
        0.23672224888,
        0.22396112388000003,
        0.23208399988000003,
        0.22468529088000003
      ],
      "exit_codes": [
        0,
        0,
        0,
        0,
        0,
        0,
        0,
        0,
        0,
        0,
        0,
        0,
        0
      ]
    },
    {
      "command": "./target/release/ccms \"claude\" --pattern \"~/.claude/projects/**/*.jsonl\" --engine tokio",
      "mean": 0.27083661988,
      "stddev": 0.01788050352180714,
      "median": 0.27077720738,
      "user": 1.4397226799999998,
      "system": 0.26393920000000004,
      "min": 0.24073379088000002,
      "max": 0.31346362388000004,
      "times": [
        0.27088020788,
        0.26369599888,
        0.24073379088000002,
        0.26284241588,
        0.27503574888000004,
        0.26687941588,
        0.31346362388000004,
        0.27077229088000004,
        0.27078212388,
        0.27328058188000004
      ],
      "exit_codes": [
        0,
        0,
        0,
        0,
        0,
        0,
        0,
        0,
        0,
        0
      ]
    }
  ]
}
