{
  "results": [
    {
      "command": "./target/release/ccms \"claude\" --pattern \"~/.claude/projects/**/*.jsonl\" --engine rayon",
      "mean": 0.30319449034,
      "stddev": 0.022912000639582708,
      "median": 0.29519384884,
      "user": 1.67119932,
      "system": 0.14823302,
      "min": 0.27658543134,
      "max": 0.35597818234000006,
      "times": [
        0.28973247334,
        0.28944018234,
        0.29131030734,
        0.27658543134,
        0.28833455734,
        0.29907739034,
        0.35597818234000006,
        0.30728264034,
        0.32332784834000006,
        0.31087589034
      ],
      "exit_codes": [
        0,
        0,
        0,
        0,
        0,
        0,
        0,
        0,
        0,
        0
      ]
    },
    {
      "command": "./target/release/ccms \"claude\" --pattern \"~/.claude/projects/**/*.jsonl\" --engine tokio",
      "mean": 0.36478034844000007,
      "stddev": 0.01756365247960225,
      "median": 0.35759239034,
      "user": 1.8374587199999997,
      "system": 0.28615072,
      "min": 0.34342593234,
      "max": 0.39417851534000004,
      "times": [
        0.35717826534,
        0.35791055734000005,
        0.34544789034,
        0.36592834834000004,
        0.39417851534000004,
        0.38451526434000005,
        0.35591338934000005,
        0.34342593234,
        0.38603109834000005,
        0.35727422334000003
      ],
      "exit_codes": [
        0,
        0,
        0,
        0,
        0,
        0,
        0,
        0,
        0,
        0
      ]
    }
  ]
}
