{
  "results": [
    {
      "command": "./target/release/ccms \"claude\" --pattern \"~/.claude/projects/**/*.jsonl\" --engine rayon",
      "mean": 0.29977309062,
      "stddev": 0.0198930110788894,
      "median": 0.30336979042,
      "user": 1.6493429600000002,
      "system": 0.15854456,
      "min": 0.26488556142,
      "max": 0.32705322842,
      "times": [
        0.29158143642,
        0.30386301942,
        0.31350239442,
        0.32705322842,
        0.31884464542,
        0.30287656142,
        0.27070831142,
        0.30920585342,
        0.29520989442,
        0.26488556142
      ],
      "exit_codes": [
        0,
        0,
        0,
        0,
        0,
        0,
        0,
        0,
        0,
        0
      ]
    },
    {
      "command": "./target/release/ccms \"claude\" --pattern \"~/.claude/projects/**/*.jsonl\" --engine tokio",
      "mean": 0.38777673252,
      "stddev": 0.029246758147562675,
      "median": 0.39639427042000003,
      "user": 1.82617486,
      "system": 0.31294816000000003,
      "min": 0.34161606242000003,
      "max": 0.42912731142000005,
      "times": [
        0.36524926942,
        0.37178872842,
        0.42912731142000005,
        0.40868001942000004,
        0.40969672842000004,
        0.34898485342,
        0.34161606242000003,
        0.39208122842000004,
        0.40983581142000003,
        0.40070731242
      ],
      "exit_codes": [
        0,
        0,
        0,
        0,
        0,
        0,
        0,
        0,
        0,
        0
      ]
    }
  ]
}
