{
  "results": [
    {
      "command": "./target/release/ccms \"claude\" --engine rayon",
      "mean": 0.29246642394000005,
      "stddev": 0.026266611303964783,
      "median": 0.28968911994,
      "user": 1.67165748,
      "system": 0.16267475999999997,
      "min": 0.26499007794,
      "max": 0.35607303594,
      "times": [
        0.29855857794,
        0.26499007794,
        0.29568903694,
        0.28407682894,
        0.28170011994,
        0.27284516094,
        0.29530141094,
        0.30690720294,
        0.26852278694,
        0.35607303594
      ],
      "exit_codes": [
        0,
        0,
        0,
        0,
        0,
        0,
        0,
        0,
        0,
        0
      ]
    },
    {
      "command": "./target/release/ccms \"claude\" --engine tokio",
      "mean": 0.31986951144000003,
      "stddev": 0.025280841984406156,
      "median": 0.30801755744000003,
      "user": 1.85445748,
      "system": 0.31196446,
      "min": 0.30186095294,
      "max": 0.38030374494,
      "times": [
        0.31112982794,
        0.33957799494,
        0.33697341094,
        0.30242745394,
        0.30592820294,
        0.30186095294,
        0.30727286994,
        0.30876224494,
        0.38030374494,
        0.30445841094
      ],
      "exit_codes": [
        0,
        0,
        0,
        0,
        0,
        0,
        0,
        0,
        0,
        0
      ]
    }
  ]
}
